{"cameraMode":{"drawMode":0,"name":"Shaded","section":"Shading Mode"},"sceneLighting":false,"audioPlay":false,"sceneViewState":{"m_AlwaysRefresh":false,"showFog":true,"showSkybox":false,"showFlares":true,"showImageEffects":true,"showParticleSystems":true,"showVisualEffectGraphs":true,"m_FxEnabled":true},"in2DMode":false,"pivot":{"x":59.011409759521487,"y":9.700000762939454,"z":-0.10000002384185791},"rotation":{"x":-0.0686725527048111,"y":0.7794435620307922,"z":0.08651777356863022,"w":0.6166293025016785},"size":11.694015502929688,"orthographic":false}