{"cameraMode":{"drawMode":0,"name":"Shaded","section":"Shading Mode"},"sceneLighting":false,"audioPlay":false,"sceneViewState":{"m_AlwaysRefresh":false,"showFog":true,"showSkybox":false,"showFlares":true,"showImageEffects":true,"showParticleSystems":true,"showVisualEffectGraphs":true,"m_FxEnabled":true},"in2DMode":false,"pivot":{"x":-0.09999999403953552,"y":0.29126283526420596,"z":2.5199999809265138},"rotation":{"x":0.10095139592885971,"y":-0.4637856185436249,"z":0.05308498814702034,"w":0.8785344362258911},"size":0.45871612429618838,"orthographic":false}